,ID,Name,RA,DEC,Obj. Type,Redshift,Host Name,Host Redshift,Reporting Group/s,Discovery Data Source/s,Classifying Group/s,Associated Group/s,Disc. Internal Name,Disc. Instrument/s,Class. Instrument/s,TNS AT,Public,End Prop. Period,Discovery Mag/Flux,Discovery Filter,Discovery Date (UT),Sender,Remarks,Discovery Bibcode,Classification Bibcodes,Ext. catalog/s
0,150086,SN 2024gvz,06:07:51.729,-24:53:52.66,SN Ia-CSM,0.055,,,"ATLAS, BlackGEM","ATLAS, BlackGEM",ePESSTO+,ATLAS; BlackGEM,ATLAS24gap,"ATLAS-CHL - ATLAS-04, BG2 - BlackGEM-Cam2, BG4 - BlackGEM-Cam4, ML1 - MeerLICHT-Cam",ESO-NTT - EFOSC2-NTT,1,1,,18.703,orange-ATLAS,2024-04-18 00:33:40.896,ATLAS_Bot1,,2024TNSTR1130....1T,2024TNSCR3256....1M,
1,130680,SN 2023khp,00:17:56.201,+23:59:03.31,SN Ia-CSM,0.09,,,"ATLAS, ZTF, Pan-STARRS","ATLAS, ZTF, Pan-STARRS",ZTF,ATLAS; Pan-STARRS; ZTF,ATLAS23lyb,"ATLAS-HKO - ATLAS-02, P48 - ZTF-Cam, PS2 - GPC2",NOT - ALFOSC,1,1,,18.482,orange-ATLAS,2023-06-10 13:41:36.384,ATLAS_Bot1,,2023TNSTR1357....1T,2023TNSCR1829....1S,
2,121363,SN 2022acgi,09:29:44.737,+03:04:21.74,SN Ia-CSM,0.17,,,"ATLAS, Pan-STARRS","ATLAS, Pan-STARRS",ePESSTO+,ATLAS; Pan-STARRS,ATLAS22bnjy,"ATLAS-CHL - ATLAS-04, ATLAS-MLO - ATLAS-01, PS2 - GPC2",ESO-NTT - EFOSC2-NTT,1,1,,18.988,orange-ATLAS,2022-12-02 06:26:09.888,ATLAS_Bot1,,2022TNSTR3516....1T,2022TNSCR3533....1G,
3,104830,SN 2022esa,16:53:57.600,-09:42:10.26,SN Ia-CSM,0.023,,,"ATLAS, GaiaAlerts, ALeRCE, Pan-STARRS","ATLAS, GaiaAlerts, ZTF, Pan-STARRS",POISE,ALeRCE; ATLAS; GaiaAlerts; Pan-STARRS,ATLAS22iyt,"ATLAS-MLO - ATLAS-01, Gaia - Gaia-photometric, P48 - ZTF-Cam, PS1 - GPC1, PS2 - GPC2",Magellan-Baade - IMACS,1,1,,18.057,orange-ATLAS,2022-03-12 14:40:50.880,ATLAS_Bot1,,2022TNSTR.685....1T,2022TNSCR.733....1L,
4,104820,SN 2022erq,18:33:25.360,+44:05:11.65,SN Ia-CSM,0.066,,,"ATLAS, ALeRCE, GaiaAlerts, Pan-STARRS","ATLAS, ZTF, GaiaAlerts, Pan-STARRS","LiONS, OxQUB",ALeRCE; ATLAS; GaiaAlerts; Pan-STARRS,ATLAS22ixd,"ATLAS-HKO - ATLAS-02, Gaia - Gaia-photometric, P48 - ZTF-Cam, PS1 - GPC1, PS2 - GPC2","Lijiang-2.4m - YFOSC, LT - SPRAT",1,1,,18.131,cyan-ATLAS,2022-03-11 14:14:34.944,ATLAS_Bot1,,2022TNSTR.679....1T,"2022TNSCR.701....1L, 2022TNSCR1138....1F",
5,63082,SN 2020onv,23:16:46.020,-23:18:37.12,SN Ia-CSM,0.095,,,"ATLAS, ZTF, Pan-STARRS, GaiaAlerts","ATLAS, ZTF, Pan-STARRS, GaiaAlerts","TCD, None",ATLAS; GaiaAlerts; Pan-STARRS; ZTF,ATLAS20slo,"ATLAS-HKO - ATLAS-02, ATLAS-MLO - ATLAS-01, Gaia - Gaia-photometric, P48 - ZTF-Cam, PS1 - GPC1, PS2 - GPC2","LT - SPRAT, NOT - ALFOSC",1,1,,18.627,orange-ATLAS,2020-07-11 12:53:16.800,ATLAS_Bot1,,2020TNSTR2100....1T,"2020TNSCR2285....1P, 2020TNSCR2479....1Q",
6,60357,SN 2020kre,13:10:29.870,-01:18:51.10,SN Ia-CSM,0.136,,,"ATLAS, ZTF, YSE, Pan-STARRS","ATLAS, ZTF, Pan-STARRS",UCSC,ATLAS; Pan-STARRS; ZTF,ATLAS20njn,"ATLAS-HKO - ATLAS-02, ATLAS-MLO - ATLAS-01, P48 - ZTF-Cam, PS1 - GPC1, PS2 - GPC2","Keck1 - LRIS, Lick-3m - KAST",1,1,,19.377,cyan-ATLAS,2020-05-21 08:21:07.200,ATLAS_Bot1,,2020TNSTR1440....1T,"2020TNSCR1591....1D, 2020TNSCR2258....1D",
7,23376,SN 2017ifu,02:50:55.026,-02:08:06.35,SN Ia-CSM,0.183,,,ATLAS,ATLAS,ePESSTO,ATLAS,ATLAS17ner,ATLAS-HKO - ATLAS-02,ESO-NTT - EFOSC2-NTT,1,1,,20.072,orange-ATLAS,2017-10-28 10:23:31.000,ATLAS_Bot1,,2017TNSTR1263....1T,2017TNSCR1436....1A,
8,20502,SN 2017eby,14:38:50.760,+14:44:26.09,SN Ia-CSM,0.081,,,"ATLAS, Pan-STARRS, GaiaAlerts","ATLAS, Pan-STARRS, GaiaAlerts","None, ePESSTO",ATLAS; GaiaAlerts; Pan-STARRS,ATLAS17fko,"ATLAS-HKO - ATLAS-02, Gaia - Gaia-photometric, PS1 - GPC1","ESO-NTT - EFOSC2-NTT, LT - SPRAT",1,1,,18.58,cyan-ATLAS,2017-04-01 13:59:31.000,ATLAS_Bot1,,2017TNSTR.560....1T,"2017TNSCR.601....1B, 2017TNSCR1526....1P",
9,157572,SN 2024pjz,02:14:56.540,-51:27:09.79,SN IIn,0.03,,,"ATLAS, GOTO, GaiaAlerts","ATLAS, GOTO, GaiaAlerts",ePESSTO+,ATLAS; GaiaAlerts; GOTO,ATLAS24ldv,"ATLAS-CHL - ATLAS-04, Gaia - Gaia-photometric, GOTO-S - GOTO-3, GOTO-S - GOTO-4",ESO-NTT - EFOSC2-NTT,1,1,,19.094,orange-ATLAS,2024-07-13 07:19:51.744,ATLAS_Bot1,,2024TNSTR2413....1T,2024TNSCR2452....1G,
10,156341,SN 2024oaf,20:28:51.734,+01:38:50.93,SN IIn,0.054,,,ATLAS,ATLAS,SCAT,ATLAS,ATLAS24jzp,"ATLAS-CHL - ATLAS-04, ATLAS-STH - ATLAS-03",UH88 - SNIFS,1,1,,18.467,orange-ATLAS,2024-06-30 05:55:50.304,ATLAS_Bot1,,2024TNSTR2271....1T,2024TNSCR2426....1H,
11,151009,SN 2024idf,10:13:36.733,-47:07:01.35,SN IIn,0.057,,,ATLAS,ATLAS,ePESSTO+,ATLAS,ATLAS24guv,"ATLAS-CHL - ATLAS-04, ATLAS-STH - ATLAS-03",ESO-NTT - EFOSC2-NTT,1,1,,18.704,orange-ATLAS,2024-05-02 02:00:04.032,ATLAS_Bot1,,2024TNSTR1392....1T,2024TNSCR1772....1K,
12,148282,SN 2024ejz,13:37:40.669,+01:17:42.41,SN IIn,0.0873,,,"ATLAS, ZTF, Fink, Pan-STARRS, WFST","ATLAS, ZTF, Pan-STARRS, WFST",ZTF,ATLAS; Fink; Pan-STARRS; WFST; ZTF,ATLAS24dtz,"ATLAS-CHL - ATLAS-04, ATLAS-HKO - ATLAS-02, P48 - ZTF-Cam, PS1 - GPC1, WFST - WFST-WFC",LT - SPRAT,1,1,,18.989,orange-ATLAS,2024-03-15 09:51:08.064,ATLAS_Bot1,,2024TNSTR.715....1T,2024TNSCR1311....1W,
13,146575,SN 2024dco,03:04:19.530,-11:54:13.93,SN IIn,0.01,,,"ATLAS, GaiaAlerts","ATLAS, GaiaAlerts",SCAT,ATLAS; GaiaAlerts,ATLAS24csf,"ATLAS-HKO - ATLAS-02, Gaia - Gaia-photometric",UH88 - SNIFS,1,1,,17.899,orange-ATLAS,2024-02-20 05:21:08.064,ATLAS_Bot1,,2024TNSTR.499....1T,2024TNSCR.512....1D,
14,146535,SN 2024dbc,13:54:51.310,+02:44:38.26,SN IIn,0.145,,,"ATLAS, GaiaAlerts","ATLAS, GaiaAlerts",ePESSTO+,ATLAS; GaiaAlerts,ATLAS24cby,"ATLAS-CHL - ATLAS-04, ATLAS-HKO - ATLAS-02, Gaia - Gaia-photometric",ESO-NTT - EFOSC2-NTT,1,1,,19.237,cyan-ATLAS,2024-02-08 14:42:20.736,ATLAS_Bot1,,2024TNSTR.487....1T,2024TNSCR.932....1D,
15,143722,SN 2024dy,10:46:45.030,+29:54:33.80,SN IIn,0.021,,,"ATLAS, GaiaAlerts, ZTF, Pan-STARRS, GOTO","ATLAS, GaiaAlerts, ZTF, Pan-STARRS, GOTO","ZTF, ePESSTO+",ATLAS; GaiaAlerts; GOTO; Pan-STARRS; ZTF,ATLAS24ada,"ATLAS-HKO - ATLAS-02, ATLAS-MLO - ATLAS-01, Gaia - Gaia-photometric, GOTO-N - GOTO-1, GOTO-N - GOTO-2, P48 - ZTF-Cam, PS1 - GPC1","ESO-NTT - EFOSC2-NTT, Lick-3m - KAST",1,1,,18.602,orange-ATLAS,2024-01-02 12:14:31.776,ATLAS_Bot1,,2024TNSTR..17....1T,"2024TNSCR..82....1W, 2024TNSCR..97....1I",
16,143542,SN 2024C,09:43:54.120,-29:43:38.93,SN IIn,0.052,,,"ATLAS, GaiaAlerts","ATLAS, GaiaAlerts",ePESSTO+,ATLAS; GaiaAlerts,ATLAS24aaj,"ATLAS-CHL - ATLAS-04, Gaia - Gaia-photometric",ESO-NTT - EFOSC2-NTT,1,1,,18.86,orange-ATLAS,2024-01-01 06:10:10.848,ATLAS_Bot1,,2024TNSTR...1....1T,2024TNSCR..97....1I,
17,143167,SN 2023abtj,01:27:01.380,+33:57:17.75,SN IIn,0.014,,,"ATLAS, Pan-STARRS, MASTER, GaiaAlerts","ATLAS, Pan-STARRS, MASTER, GaiaAlerts",LiONS,ATLAS; GaiaAlerts; MASTER; Pan-STARRS,ATLAS23xxs,"ATLAS-HKO - ATLAS-02, Gaia - Gaia-photometric, Other - Other, PS2 - GPC2",Lijiang-2.4m - YFOSC,1,1,,18.108,orange-ATLAS,2023-12-28 07:41:07.872,ATLAS_Bot1,,2023TNSTR3371....1T,2024TNSCR..13....1L,
18,141221,SN 2023yxs,06:26:04.638,-31:15:25.40,SN IIn,0.112,,,"ATLAS, Pan-STARRS","ATLAS, Pan-STARRS",ePESSTO+,ATLAS; Pan-STARRS,ATLAS23wto,"ATLAS-CHL - ATLAS-04, ATLAS-STH - ATLAS-03, PS1 - GPC1",ESO-NTT - EFOSC2-NTT,1,1,,19.617,orange-ATLAS,2023-12-05 05:24:50.976,ATLAS_Bot1,,2023TNSTR3131....1T,2023TNSCR3299....1P,
19,141043,SN 2023yqw,00:17:38.324,+22:43:55.74,SN IIn,0.086,,,"ATLAS, Pan-STARRS, ZTF, GOTO","ATLAS, Pan-STARRS, ZTF, GOTO",ePESSTO+,ATLAS; GOTO; Pan-STARRS; ZTF,ATLAS23wlt,"ATLAS-CHL - ATLAS-04, ATLAS-HKO - ATLAS-02, GOTO-N - GOTO-2, P48 - ZTF-Cam, PS2 - GPC2",ESO-NTT - EFOSC2-NTT,1,1,,18.975,cyan-ATLAS,2023-12-03 07:56:53.952,ATLAS_Bot1,,2023TNSTR3116....1T,2023TNSCR3299....1P,
20,140519,SN 2023xxk,08:58:34.567,-34:42:28.38,SN IIn,0.049,,,ATLAS,ATLAS,ePESSTO+,ATLAS,ATLAS23vfw,ATLAS-CHL - ATLAS-04,ESO-NTT - EFOSC2-NTT,1,1,,17.812,orange-ATLAS,2023-11-08 07:50:11.328,ATLAS_Bot1,,2023TNSTR2973....1T,2023TNSCR3074....1G,
21,140518,SN 2023xxj,10:50:21.110,-33:24:04.39,SN IIn,0.097,,,"ATLAS, GaiaAlerts","ATLAS, GaiaAlerts",ePESSTO+,ATLAS; GaiaAlerts,ATLAS23vfv,"ATLAS-CHL - ATLAS-04, Gaia - Gaia-photometric",ESO-NTT - EFOSC2-NTT,1,1,,17.646,orange-ATLAS,2023-11-08 08:10:54.624,ATLAS_Bot1,,2023TNSTR2973....1T,2023TNSCR3005....1K,
22,137969,SN 2023usc,05:21:31.650,+00:28:20.71,SN IIn,0.06,,,"ATLAS, ALeRCE, GOTO, Pan-STARRS, GaiaAlerts","ATLAS, ZTF, GOTO, Pan-STARRS, GaiaAlerts",SCAT,ALeRCE; ATLAS; GaiaAlerts; GOTO; Pan-STARRS,ATLAS23tzi,"ATLAS-CHL - ATLAS-04, Gaia - Gaia-photometric, GOTO-N - GOTO-1, GOTO-N - GOTO-2, P48 - ZTF-Cam, PS2 - GPC2",UH88 - SNIFS,1,1,,18.662,orange-ATLAS,2023-10-11 07:56:16.800,ATLAS_Bot1,,2023TNSTR2550....1T,2023TNSCR2697....1T,
23,136764,SN 2023syz,17:55:25.400,+45:13:05.36,SN IIn,0.037,,,"ATLAS, ZTF, Pan-STARRS","ATLAS, ZTF, Pan-STARRS",SCAT,ATLAS; Pan-STARRS; ZTF,ATLAS23stg,"ATLAS-HKO - ATLAS-02, P48 - ZTF-Cam, PS1 - GPC1",UH88 - SNIFS,1,1,,19.03,cyan-ATLAS,2023-09-19 06:39:17.856,ATLAS_Bot1,,2023TNSTR2317....1T,2023TNSCR2357....1H,
24,132518,SN 2023mza,23:07:45.751,-48:45:08.23,SN IIn,0.0285,,,ATLAS,ATLAS,MeerLICHT,ATLAS,ATLAS23ofp,"ATLAS-CHL - ATLAS-04, ATLAS-STH - ATLAS-03",SALT - RSS,1,1,,17.581,orange-ATLAS,2023-07-11 02:53:17.376,ATLAS_Bot1,,2023TNSTR1653....1T,2023TNSCR2034....1W,
25,132102,SN 2023mjq,14:09:38.799,+09:33:38.89,SN IIn,0.038337,,,"ATLAS, YSE, ZTF, Fink","ATLAS, Pan-STARRS, ZTF",YSE,ATLAS; Fink; Pan-STARRS; YSE; ZTF,ATLAS23nlp,"ATLAS-CHL - ATLAS-04, ATLAS-STH - ATLAS-03, P48 - ZTF-Cam, PS2 - GPC2",Gemini-N - GMOS,1,1,,18.142,orange-ATLAS,2023-07-05 19:20:20.256,ATLAS_Bot1,,2023TNSTR1575....1T,2023TNSCR1662....1A,
26,132025,SN 2023mgr,22:00:26.429,-33:31:27.02,SN IIn,0.01,,,"ATLAS, MASTER","ATLAS, MASTER",SCAT,ATLAS; MASTER,ATLAS23ndq,"ATLAS-CHL - ATLAS-04, ATLAS-STH - ATLAS-03, Other - Other",UH88 - SNIFS,1,1,,16.233,orange-ATLAS,2023-07-02 06:02:21.696,ATLAS_Bot1,,2023TNSTR1550....1T,2023TNSCR1570....1H,
27,130752,SN 2023kki,16:53:18.123,+37:41:23.64,SN IIn,0.125,,,"ATLAS, ZTF","ATLAS, ZTF",ZTF,ATLAS; ZTF,ATLAS23mbw,"ATLAS-HKO - ATLAS-02, P48 - ZTF-Cam",LT - SPRAT,1,1,,19.423,cyan-ATLAS,2023-06-10 10:05:19.968,ATLAS_Bot1,,2023TNSTR1364....1T,2023TNSCR1779....1S,
28,125713,SN 2023dej,11:42:10.690,+66:56:56.36,SN IIn,0.108,,,"ATLAS, ZTF, GaiaAlerts","ATLAS, ZTF, GaiaAlerts",ZTF,ATLAS; GaiaAlerts; ZTF,ATLAS23dsw,"ATLAS-HKO - ATLAS-02, Gaia - Gaia-photometric, P48 - ZTF-Cam",P60 - SEDM,1,1,,18.483,orange-ATLAS,2023-03-16 11:32:33.216,ATLAS_Bot1,,2023TNSTR.545....1T,2023TNSCR.934....1S,
29,125566,SN 2023cyu,19:24:23.183,+47:03:15.74,SN IIn,0.053,,,"ATLAS, ALeRCE","ATLAS, ZTF",ZTF,ALeRCE; ATLAS,ATLAS23dnx,"ATLAS-HKO - ATLAS-02, P48 - ZTF-Cam",LT - SPRAT,1,1,,18.144,orange-ATLAS,2023-03-12 15:07:57.792,ATLAS_Bot1,,2023TNSTR.515....1T,2023TNSCR1311....1W,
30,124370,SN 2023bgj,06:25:48.060,-37:46:27.44,SN IIn,0.055,,,"ATLAS, GaiaAlerts","ATLAS, GaiaAlerts",ePESSTO+,ATLAS; GaiaAlerts,ATLAS23brd,"ATLAS-CHL - ATLAS-04, Gaia - Gaia-photometric",ESO-NTT - EFOSC2-NTT,1,1,,18.675,orange-ATLAS,2023-02-03 02:47:15.360,ATLAS_Bot1,,2023TNSTR.274....1T,2023TNSCR.321....1P,
31,123384,SN 2023wi,11:28:55.494,+05:27:32.64,SN IIn,0.094,,,"ATLAS, ZTF, Pan-STARRS","ATLAS, ZTF, Pan-STARRS",ZTF,ATLAS; Pan-STARRS; ZTF,ATLAS23awy,"ATLAS-CHL - ATLAS-04, ATLAS-STH - ATLAS-03, P48 - ZTF-Cam, PS1 - GPC1",LT - SPRAT,1,1,,18.966,orange-ATLAS,2023-01-19 06:51:33.120,ATLAS_Bot1,,2023TNSTR.131....1T,2023TNSCR1077....1W,
32,123028,SN 2023jo,08:07:24.794,+39:11:37.58,SN IIn,0.013,,,"ATLAS, Pan-STARRS, ZTF","ATLAS, Pan-STARRS, ZTF",SCAT,ATLAS; Pan-STARRS; ZTF,ATLAS23akh,"ATLAS-HKO - ATLAS-02, P48 - ZTF-Cam, PS2 - GPC2",UH88 - SNIFS,1,1,,17.515,orange-ATLAS,2023-01-13 11:18:35.136,ATLAS_Bot1,,2023TNSTR..76....1T,2023TNSCR.128....1P,
33,122635,SN 2022aecy,05:41:29.340,+16:45:43.63,SN IIn,0.08,,,"ATLAS, ZTF, GaiaAlerts, Pan-STARRS","ATLAS, ZTF, GaiaAlerts, Pan-STARRS",ZTF,ATLAS; GaiaAlerts; Pan-STARRS; ZTF,ATLAS22bomd,"ATLAS-HKO - ATLAS-02, ATLAS-STH - ATLAS-03, Gaia - Gaia-photometric, P48 - ZTF-Cam, PS1 - GPC1",P60 - SEDM,1,1,,18.765,orange-ATLAS,2022-12-27 21:34:22.368,ATLAS_Bot1,,2022TNSTR3671....1T,2023TNSCR.174....1P,
34,120210,SN 2022aaon,03:54:30.170,-34:40:07.25,SN IIn,0.07,,,ATLAS,ATLAS,ePESSTO+,ATLAS,ATLAS22bmep,ATLAS-CHL - ATLAS-04,ESO-NTT - EFOSC2-NTT,1,1,,19.218,orange-ATLAS,2022-11-15 03:21:04.896,ATLAS_Bot1,,2022TNSTR3342....1T,2022TNSCR3631....1P,
35,119844,SN 2022aaan,21:42:38.048,-31:27:45.68,SN IIn,0.111,,,ATLAS,ATLAS,ePESSTO+,ATLAS,ATLAS22blsb,"ATLAS-CHL - ATLAS-04, ATLAS-STH - ATLAS-03",ESO-NTT - EFOSC2-NTT,1,1,,18.637,orange-ATLAS,2022-11-11 19:38:27.168,ATLAS_Bot1,,2022TNSTR3292....1T,2022TNSCR3336....1I,
36,118777,SN 2022ymi,19:31:00.607,+48:20:55.24,SN IIn,0.021,,,ATLAS,ATLAS,,ATLAS,ATLAS22bjxv,"ATLAS-HKO - ATLAS-02, ATLAS-MLO - ATLAS-01",NOT - ALFOSC,1,1,,18.567,cyan-ATLAS,2022-10-23 06:24:13.248,ATLAS_Bot1,,2022TNSTR3083....1T,2022TNSCR3156....1V,
37,115336,SN 2022tpe,03:46:09.563,-40:20:17.89,SN IIn,0.055,,,ATLAS,ATLAS,ePESSTO+,ATLAS,ATLAS22beaa,"ATLAS-CHL - ATLAS-04, ATLAS-STH - ATLAS-03",ESO-NTT - EFOSC2-NTT,1,1,,19.27,orange-ATLAS,2022-09-03 23:36:19.584,ATLAS_Bot1,,2022TNSTR2592....1T,2022TNSCR2660....1T,
38,114539,SN 2022sks,20:16:23.560,-51:05:05.89,SN IIn,0.076,,,"ATLAS, GaiaAlerts","ATLAS, GaiaAlerts",ePESSTO+,ATLAS; GaiaAlerts,ATLAS22bcgi,"ATLAS-CHL - ATLAS-04, ATLAS-STH - ATLAS-03, Gaia - Gaia-photometric",ESO-NTT - EFOSC2-NTT,1,1,,18.974,orange-ATLAS,2022-08-22 22:49:43.680,ATLAS_Bot1,,2022TNSTR2493....1T,2022TNSCR2571....1P,
39,113782,SN 2022ria,13:43:56.050,-08:42:32.44,SN IIn,0.07,,,"ATLAS, GaiaAlerts, ALeRCE, Pan-STARRS","ATLAS, GaiaAlerts, ZTF, Pan-STARRS",ZTF,ALeRCE; ATLAS; GaiaAlerts; Pan-STARRS,ATLAS22zwo,"ATLAS-CHL - ATLAS-04, ATLAS-HKO - ATLAS-02, Gaia - Gaia-photometric, P48 - ZTF-Cam, PS2 - GPC2",LT - SPRAT,1,1,,19.097,orange-ATLAS,2022-08-16 00:48:30.816,ATLAS_Bot1,,2022TNSTR2339....1T,2023TNSCR..55....1H,
40,113209,SN 2022qml,22:29:45.502,+13:38:24.11,SN IIn,0.046,,,"ATLAS, Pan-STARRS, ALeRCE","ATLAS, Pan-STARRS, ZTF",ePESSTO+,ALeRCE; ATLAS; Pan-STARRS,ATLAS22yti,"ATLAS-HKO - ATLAS-02, P48 - ZTF-Cam, PS2 - GPC2",ESO-NTT - EFOSC2-NTT,1,1,,18.137,cyan-ATLAS,2022-08-02 12:43:17.184,ATLAS_Bot1,,2022TNSTR2193....1T,2022TNSCR2488....1G,
41,112186,SN 2022ozx,19:38:50.430,-50:11:33.76,SN IIn,0.057,,,"ATLAS, GaiaAlerts","ATLAS, GaiaAlerts",ePESSTO+,ATLAS; GaiaAlerts,ATLAS22vew,"ATLAS-CHL - ATLAS-04, ATLAS-STH - ATLAS-03, Gaia - Gaia-photometric",ESO-NTT - EFOSC2-NTT,1,1,,17.746,orange-ATLAS,2022-07-17 22:56:33.216,ATLAS_Bot1,,2022TNSTR2014....1T,2022TNSCR2407....1A,
42,112107,SN 2022owx,14:24:36.230,+04:33:30.49,SN IIn,0.025984,,,"ATLAS, GaiaAlerts","ATLAS, GaiaAlerts",SCAT,ATLAS; GaiaAlerts,ATLAS22uze,"ATLAS-HKO - ATLAS-02, ATLAS-MLO - ATLAS-01, Gaia - Gaia-photometric",UH88 - SNIFS,1,1,,18.322,orange-ATLAS,2022-07-16 07:10:23.232,ATLAS_Bot1,,2022TNSTR1992....1T,2022TNSCR2018....1H,
43,112098,SN 2022owp,13:32:43.740,+00:40:52.07,SN IIn,0.08,,,"ATLAS, GaiaAlerts","ATLAS, GaiaAlerts",SCAT,ATLAS; GaiaAlerts,ATLAS22uxt,"ATLAS-HKO - ATLAS-02, ATLAS-MLO - ATLAS-01, Gaia - Gaia-photometric",UH88 - SNIFS,1,1,,18.577,orange-ATLAS,2022-07-16 06:13:35.616,ATLAS_Bot1,,2022TNSTR1992....1T,2022TNSCR2018....1H,
44,111427,SN 2022nxg,15:37:06.492,+33:57:25.82,SN IIn,0.106,,,ATLAS,ATLAS,Global SN Project,ATLAS,ATLAS22sfg,ATLAS-HKO - ATLAS-02,Lick-3m - KAST,1,1,,19.197,cyan-ATLAS,2022-06-28 08:00:59.328,ATLAS_Bot1,,2022TNSTR1810....1T,2023TNSCR3068....1L,
45,109573,SN 2022lew,09:52:54.134,+07:15:13.28,SN IIn,0.07,,,ATLAS,ATLAS,SCAT,ATLAS,ATLAS22pjn,"ATLAS-MLO - ATLAS-01, ATLAS-STH - ATLAS-03",UH88 - SNIFS,1,1,,18.87,orange-ATLAS,2022-05-25 17:30:21.888,ATLAS_Bot1,,2022TNSTR1462....1T,"2022TNSCR1476....1D, 2022TNSCR1530....1T",
46,107282,SN 2022iep,16:29:41.950,+40:20:05.78,SN IIn,0.025,,,"ATLAS, ZTF, Pan-STARRS, GaiaAlerts","ATLAS, ZTF, Pan-STARRS, GaiaAlerts",ZTF,ATLAS; GaiaAlerts; Pan-STARRS; ZTF,ATLAS22muh,"ATLAS-HKO - ATLAS-02, ATLAS-MLO - ATLAS-01, Gaia - Gaia-photometric, P48 - ZTF-Cam, PS1 - GPC1, PS2 - GPC2",LT - SPRAT,1,1,,18.968,orange-ATLAS,2022-04-21 13:26:41.280,ATLAS_Bot1,,2022TNSTR1050....1T,2022TNSCR1302....1H,
47,106589,SN 2022hev,13:14:36.732,-10:25:38.85,SN IIn,0.054,,,"ATLAS, ALeRCE","ATLAS, ZTF",ZTF,ALeRCE; ATLAS,ATLAS22llx,"ATLAS-CHL - ATLAS-04, P48 - ZTF-Cam",LT - SPRAT,1,1,,19.087,orange-ATLAS,2022-04-10 03:55:55.776,ATLAS_Bot1,,2022TNSTR.928....1T,2022TNSCR1153....1P,
48,105411,SN 2022fnl,15:33:42.470,+43:44:45.38,SN IIn,0.1035,,,"ATLAS, ALeRCE, GaiaAlerts, Pan-STARRS","ATLAS, ZTF, GaiaAlerts, Pan-STARRS","ZTF, iPTF",ALeRCE; ATLAS; GaiaAlerts; Pan-STARRS,ATLAS22keu,"ATLAS-HKO - ATLAS-02, ATLAS-MLO - ATLAS-01, Gaia - Gaia-photometric, P48 - ZTF-Cam, PS2 - GPC2",NOT - ALFOSC,1,1,,19.577,cyan-ATLAS,2022-03-28 12:38:57.984,ATLAS_Bot1,,2022TNSTR.828....1T,"2022TNSCR1282....1S, 2022TNSCR1276....1S",
49,101578,SN 2022dkw,14:35:50.295,+24:40:58.20,SN IIn,0.036,,,"ATLAS, ZTF","ATLAS, ZTF",ePESSTO+,ATLAS; ZTF,ATLAS22hmu,"ATLAS-MLO - ATLAS-01, P48 - ZTF-Cam",ESO-NTT - EFOSC2-NTT,1,1,,19.059,orange-ATLAS,2022-02-26 12:33:46.080,ATLAS_Bot1,,2022TNSTR.534....1T,2022TNSCR.763....1M,
50,101493,SN 2022dhp,07:11:42.530,+28:34:21.47,SN IIn,0.085,,,"ATLAS, ZTF, AMPEL, GaiaAlerts, Pan-STARRS","ATLAS, ZTF, GaiaAlerts, Pan-STARRS",SCAT,AMPEL; ATLAS; GaiaAlerts; Pan-STARRS; ZTF,ATLAS22hjz,"ATLAS-MLO - ATLAS-01, Gaia - Gaia-photometric, P48 - ZTF-Cam, PS2 - GPC2",UH88 - SNIFS,1,1,,19.0,orange-ATLAS,2022-02-26 07:36:16.704,ATLAS_Bot1,,2022TNSTR.524....1T,2022TNSCR.749....1D,
51,101432,SN 2022dfh,12:34:32.040,+14:53:45.85,SN IIn,0.064,,,"ATLAS, Pan-STARRS","ATLAS, Pan-STARRS",ePESSTO+,ATLAS; Pan-STARRS,ATLAS22hcj,"ATLAS-CHL - ATLAS-04, ATLAS-MLO - ATLAS-01, PS2 - GPC2",ESO-NTT - EFOSC2-NTT,1,1,,18.965,orange-ATLAS,2022-02-25 06:16:35.328,ATLAS_Bot1,,2022TNSTR.513....1T,2022TNSCR.689....1F,
52,101210,SN 2022cxa,08:31:33.770,+20:45:32.54,SN IIn,0.088,,,"ATLAS, Pan-STARRS, GaiaAlerts","ATLAS, Pan-STARRS, GaiaAlerts",SCAT,ATLAS; GaiaAlerts; Pan-STARRS,ATLAS22ghs,"ATLAS-HKO - ATLAS-02, ATLAS-MLO - ATLAS-01, Gaia - Gaia-photometric, PS2 - GPC2",UH88 - SNIFS,1,1,,18.892,orange-ATLAS,2022-02-21 08:39:32.256,ATLAS_Bot1,,2022TNSTR.470....1T,2022TNSCR.503....1H,
53,99171,SN 2022zi,05:59:33.752,-58:19:28.39,SN IIn,0.035,,,ATLAS,ATLAS,ePESSTO+,ATLAS,ATLAS22cbh,ATLAS-STH - ATLAS-03,ESO-NTT - EFOSC2-NTT,1,1,,16.714,orange-ATLAS,2022-01-17 21:20:09.600,ATLAS_Bot1,,2022TNSTR.138....1T,2022TNSCR.184....1P,
54,98458,SN 2022K,10:46:04.923,-02:13:16.54,SN IIn,0.035,,,"ATLAS, Pan-STARRS, YSE, ALeRCE","ATLAS, Pan-STARRS, ZTF",ePESSTO+,ALeRCE; ATLAS; Pan-STARRS; YSE,ATLAS22aff,"ATLAS-MLO - ATLAS-01, P48 - ZTF-Cam, PS2 - GPC2",ESO-NTT - EFOSC2-NTT,1,1,,18.84,orange-ATLAS,2022-01-01 12:25:55.200,ATLAS_Bot1,,2022TNSTR...5....1T,2022TNSCR.112....1R,
55,97628,SN 2021agji,09:27:05.936,+24:06:26.90,SN IIn,0.0215,,,"ATLAS, Pan-STARRS, YSE, ALeRCE","ATLAS, Pan-STARRS, ZTF",,ALeRCE; ATLAS; Pan-STARRS; YSE,ATLAS21bnkm,"ATLAS-MLO - ATLAS-01, P48 - ZTF-Cam, PS2 - GPC2",Lijiang-2.4m - YFOSC,1,1,,18.425,orange-ATLAS,2021-12-17 10:56:38.400,ATLAS_Bot1,,2021TNSTR4162....1T,2021TNSCR4178....1Z,
56,95203,SN 2021acya,04:02:13.760,-28:23:29.72,SN IIn,0.063,,,"ATLAS, GaiaAlerts, Pan-STARRS, BlackGEM","ATLAS, GaiaAlerts, Pan-STARRS, BlackGEM",ePESSTO+,ATLAS; BlackGEM; GaiaAlerts; Pan-STARRS,ATLAS21blfc,"ATLAS-HKO - ATLAS-02, ATLAS-MLO - ATLAS-01, Gaia - Gaia-photometric, ML1 - MeerLICHT-Cam, PS2 - GPC2",ESO-NTT - EFOSC2-NTT,1,1,,18.124,orange-ATLAS,2021-10-30 12:41:45.600,ATLAS_Bot1,,2021TNSTR3717....1T,2021TNSCR4027....1R,
57,94291,SN 2021abqf,23:27:31.860,-32:59:44.59,SN IIn,0.058,,,"ATLAS, GaiaAlerts","ATLAS, GaiaAlerts",ePESSTO+,ATLAS; GaiaAlerts,ATLAS21bkfu,"ATLAS-HKO - ATLAS-02, ATLAS-MLO - ATLAS-01, Gaia - Gaia-photometric",ESO-NTT - EFOSC2-NTT,1,1,,18.533,orange-ATLAS,2021-10-14 08:41:16.800,ATLAS_Bot1,,2021TNSTR3538....1T,2021TNSCR3803....1R,
58,93324,SN 2021aaft,07:22:08.070,-35:52:51.85,SN IIn,0.03,,,"ATLAS, GaiaAlerts","ATLAS, GaiaAlerts",ePESSTO+,ATLAS; GaiaAlerts,ATLAS21bjlm,"ATLAS-MLO - ATLAS-01, Gaia - Gaia-photometric",ESO-NTT - EFOSC2-NTT,1,1,,17.989,orange-ATLAS,2021-09-30 14:45:36.000,ATLAS_Bot1,,2021TNSTR3379....1T,2021TNSCR3405....1B,
59,91010,SN 2021wwp,20:48:33.980,-20:12:18.58,SN IIn,0.027776,,,"ATLAS, MASTER, GaiaAlerts","ATLAS, MASTER, GaiaAlerts",SCAT,ATLAS; GaiaAlerts; MASTER,ATLAS21bgsx,"ATLAS-HKO - ATLAS-02, ATLAS-MLO - ATLAS-01, Gaia - Gaia-photometric, Other - Other",UH88 - SNIFS,1,1,,18.438,orange-ATLAS,2021-08-24 10:45:07.200,ATLAS_Bot1,,2021TNSTR2922....1T,2021TNSCR2941....1H,
60,90633,SN 2021wil,01:25:45.520,-33:13:20.57,SN IIn,0.048,,,"ATLAS, GaiaAlerts","ATLAS, GaiaAlerts",SCAT,ATLAS; GaiaAlerts,ATLAS21bgnh,"ATLAS-HKO - ATLAS-02, ATLAS-MLO - ATLAS-01, Gaia - Gaia-photometric",UH88 - SNIFS,1,1,,18.96,cyan-ATLAS,2021-08-17 13:17:45.600,ATLAS_Bot1,,2021TNSTR2849....1T,2021TNSCR2941....1H,
61,90402,SN 2021vzp,03:47:35.561,+02:52:58.45,SN IIn,0.031,,,"ATLAS, ZTF, Fink, Pan-STARRS","ATLAS, ZTF, Pan-STARRS","ePESSTO+, ZTF",ATLAS; Fink; Pan-STARRS; ZTF,ATLAS21bgaw,"ATLAS-MLO - ATLAS-01, P48 - ZTF-Cam, PS1 - GPC1, PS2 - GPC2","ESO-NTT - EFOSC2-NTT, P200 - DBSP",1,1,,19.107,cyan-ATLAS,2021-08-14 14:11:02.400,ATLAS_Bot1,,2021TNSTR2818....1T,"2021TNSCR3182....1D, 2021TNSCR3187....1C",
62,89502,SN 2021uru,02:52:22.680,-18:41:47.52,SN IIn,0.054,,,"ATLAS, ALeRCE, Pan-STARRS","ATLAS, ZTF, Pan-STARRS",SCAT,ALeRCE; ATLAS; Pan-STARRS,ATLAS21bcsh,"ATLAS-MLO - ATLAS-01, P48 - ZTF-Cam, PS2 - GPC2",UH88 - SNIFS,1,1,,17.955,orange-ATLAS,2021-08-01 14:18:14.400,ATLAS_Bot1,,2021TNSTR2665....1T,2021TNSCR2720....1T,
63,86398,SN 2021qep,00:11:44.296,+12:04:44.46,SN IIn,0.086,,,"ATLAS, ALeRCE","ATLAS, ZTF",REFITT,ATLAS; ZTF,ATLAS21wxq,"ATLAS-MLO - ATLAS-01, P48 - ZTF-Cam",SOAR - Goodman,1,1,,19.267,cyan-ATLAS,2021-06-16 13:59:31.200,ATLAS_Bot1,,2021TNSTR2099....1T,2021TNSCR2881....1W,
64,86140,SN 2021puu,13:04:56.860,-09:49:31.80,SN IIn,0.073,,,"ATLAS, GaiaAlerts","ATLAS, GaiaAlerts",SCAT,ATLAS; GaiaAlerts,ATLAS21tdj,"ATLAS-HKO - ATLAS-02, ATLAS-MLO - ATLAS-01, Gaia - Gaia-photometric",UH88 - SNIFS,1,1,,19.07,orange-ATLAS,2021-06-13 08:19:40.800,ATLAS_Bot1,,2021TNSTR2040....1T,2021TNSCR2076....1H,
65,84430,SN 2021nin,22:08:42.297,-32:10:38.05,SN IIn,0.1,,,ATLAS,ATLAS,ePESSTO+,ATLAS,ATLAS21pdt,"ATLAS-HKO - ATLAS-02, ATLAS-MLO - ATLAS-01",ESO-NTT - EFOSC2-NTT,1,1,,18.29,orange-ATLAS,2021-05-23 14:05:16.800,ATLAS_Bot1,,2021TNSTR1790....1T,2021TNSCR2964....1T,
66,82308,SN 2021kgj,12:14:07.543,-12:35:16.80,SN IIn,0.014347,,,"ATLAS, Pan-STARRS","ATLAS, Pan-STARRS",ATLAS,ATLAS; Pan-STARRS,ATLAS21nak,"ATLAS-HKO - ATLAS-02, ATLAS-MLO - ATLAS-01, PS1 - GPC1, PS2 - GPC2",LT - SPRAT,1,1,,17.145,orange-ATLAS,2021-04-18 10:14:52.800,ATLAS_Bot1,,2021TNSTR1286....1T,"2021TNSCR1360....1S, 2021TNSCR1425....1S",
67,81977,SN 2021jtu,10:39:13.681,-26:38:27.33,SN IIn,0.113,,,"ATLAS, Fink","ATLAS, ZTF",FLEET,ATLAS; ZTF,ATLAS21mtm,"ATLAS-MLO - ATLAS-01, P48 - ZTF-Cam",MMT - BINOSPEC,1,1,,19.227,cyan-ATLAS,2021-04-15 08:08:09.600,ATLAS_Bot1,,2021TNSTR1212....1T,2021TNSCR1647....1G,
68,81495,SN 2021jbi,13:18:39.030,-41:15:12.07,SN IIn,0.14,,,ATLAS,ATLAS,ePESSTO+,ATLAS,ATLAS21mbz,ATLAS-MLO - ATLAS-01,ESO-NTT - EFOSC2-NTT,1,1,,19.144,cyan-ATLAS,2021-04-11 09:08:38.400,ATLAS_Bot1,,2021TNSTR1150....1T,2021TNSCR1251....1D,
69,81312,SN 2021iui,14:16:59.190,+32:14:06.47,SN IIn,0.106,,,"ATLAS, GaiaAlerts, ZTF, Pan-STARRS","ATLAS, GaiaAlerts, ZTF, Pan-STARRS",SGLF,ATLAS; GaiaAlerts; Pan-STARRS; ZTF,ATLAS21lqb,"ATLAS-MLO - ATLAS-01, Gaia - Gaia-photometric, P48 - ZTF-Cam, PS1 - GPC1",LT - SPRAT,1,1,,19.737,cyan-ATLAS,2021-04-09 11:48:28.800,ATLAS_Bot1,,2021TNSTR1136....1T,2021TNSCR1738....1P,
70,79795,SN 2021gpw,13:21:54.850,+16:44:39.73,SN IIn,0.075,,,"ATLAS, ZTF, GaiaAlerts","ATLAS, ZTF, GaiaAlerts",ZTF,ATLAS; GaiaAlerts; ZTF,ATLAS21iwv,"ATLAS-HKO - ATLAS-02, ATLAS-MLO - ATLAS-01, Gaia - Gaia-photometric, P48 - ZTF-Cam",LT - SPRAT,1,1,,19.146,orange-ATLAS,2021-03-20 11:09:36.000,ATLAS_Bot1,,2021TNSTR.836....1T,2021TNSCR1071....1P,
71,79105,SN 2021fpn,10:13:47.640,-00:54:55.08,SN IIn,0.0424,,,"ATLAS, ZTF, Pan-STARRS, GaiaAlerts","ATLAS, ZTF, Pan-STARRS, GaiaAlerts",ePESSTO+,ATLAS; GaiaAlerts; Pan-STARRS; ZTF,ATLAS21iaq,"ATLAS-MLO - ATLAS-01, Gaia - Gaia-photometric, P48 - ZTF-Cam, PS1 - GPC1, PS2 - GPC2",ESO-NTT - EFOSC2-NTT,1,1,,19.227,orange-ATLAS,2021-03-15 08:28:19.200,ATLAS_Bot1,,2021TNSTR.771....1T,2021TNSCR1178....1P,
72,76260,SN 2021bmv,04:26:38.668,-11:53:45.70,SN IIn,0.09,,,"ATLAS, ZTF, YSE, Pan-STARRS","ATLAS, ZTF, Pan-STARRS",YSE,ATLAS; Pan-STARRS; ZTF,ATLAS21dkp,"ATLAS-HKO - ATLAS-02, P48 - ZTF-Cam, PS1 - GPC1",NOT - ALFOSC,1,1,,19.153,orange-ATLAS,2021-02-01 07:13:26.400,ATLAS_Bot1,,2021TNSTR.312....1T,2021TNSCR.649....1A,
73,74842,SN 2021mz,23:01:51.218,+13:57:23.81,SN IIn,0.121,,,"ATLAS, ZTF, AMPEL, Pan-STARRS","ATLAS, ZTF, Pan-STARRS",ZTF,AMPEL; ATLAS; Pan-STARRS; ZTF,ATLAS21amj,"ATLAS-HKO - ATLAS-02, ATLAS-MLO - ATLAS-01, P48 - ZTF-Cam, PS1 - GPC1, PS2 - GPC2",P60 - SEDM,1,1,,19.119,orange-ATLAS,2021-01-03 06:05:45.600,ATLAS_Bot1,,2021TNSTR..69....1T,2021TNSCR1607....1D,
74,74758,SN 2021kv,07:26:43.332,+54:59:42.28,SN IIn,0.13,,,"ATLAS, Pan-STARRS","ATLAS, Pan-STARRS",TCD,ATLAS; Pan-STARRS,ATLAS21ahh,"ATLAS-HKO - ATLAS-02, ATLAS-MLO - ATLAS-01, PS2 - GPC2",LT - SPRAT,1,1,,18.944,orange-ATLAS,2021-01-06 11:39:50.400,ATLAS_Bot1,,2021TNSTR..55....1T,2021TNSCR.530....1P,
75,72086,SN 2020abhx,11:27:13.751,-00:46:03.14,SN IIn,0.065,,,"ATLAS, Pan-STARRS","ATLAS, Pan-STARRS",SCAT,ATLAS; Pan-STARRS,ATLAS20bgkf,"ATLAS-HKO - ATLAS-02, ATLAS-MLO - ATLAS-01, PS1 - GPC1, PS2 - GPC2",UH88 - SNIFS,1,1,,18.032,orange-ATLAS,2020-12-01 14:57:07.200,ATLAS_Bot1,,2020TNSTR3615....1T,2022TNSCR3431....1T,
76,70335,SN 2020ywx,11:53:26.230,+10:53:47.29,SN IIn,0.0217,,,"ATLAS, ZTF, Pan-STARRS, AMPEL, GaiaAlerts","ATLAS, ZTF, Pan-STARRS, GaiaAlerts",ePESSTO+,AMPEL; ATLAS; GaiaAlerts; Pan-STARRS; ZTF,ATLAS20bewg,"ATLAS-HKO - ATLAS-02, ATLAS-MLO - ATLAS-01, Gaia - Gaia-photometric, P48 - ZTF-Cam, PS1 - GPC1, PS2 - GPC2",ESO-NTT - EFOSC2-NTT,1,1,,16.478,orange-ATLAS,2020-11-04 14:52:48.000,ATLAS_Bot1,,2020TNSTR3344....1T,2020TNSCR3822....1P,
77,69763,SN 2020ybn,06:11:02.260,-22:17:50.28,SN IIn,0.096,,,"ATLAS, YSE, GaiaAlerts","ATLAS, Pan-STARRS, GaiaAlerts",,ATLAS; GaiaAlerts; Pan-STARRS,ATLAS20benp,"ATLAS-HKO - ATLAS-02, ATLAS-MLO - ATLAS-01, Gaia - Gaia-photometric, PS1 - GPC1",Lick-3m - KAST,1,1,,19.488,cyan-ATLAS,2020-10-23 13:39:21.600,ATLAS_Bot1,,2020TNSTR3216....1T,2020TNSCR3431....1H,
78,69328,SN 2020xkx,23:20:28.170,+22:59:12.84,SN IIn,0.0415,,,"ATLAS, ZTF, GaiaAlerts, Pan-STARRS, AMPEL","ATLAS, ZTF, GaiaAlerts, Pan-STARRS",ePESSTO+,AMPEL; ATLAS; GaiaAlerts; Pan-STARRS; ZTF,ATLAS20bdpu,"ATLAS-HKO - ATLAS-02, ATLAS-MLO - ATLAS-01, Gaia - Gaia-photometric, P48 - ZTF-Cam, PS1 - GPC1, PS2 - GPC2",ESO-NTT - EFOSC2-NTT,1,1,,18.689,orange-ATLAS,2020-10-19 08:21:07.200,ATLAS_Bot1,,2020TNSTR3173....1T,2020TNSCR3243....1G,
79,69327,SN 2020xkw,01:30:56.922,+18:52:48.04,SN IIn,0.04,,,"ATLAS, Pan-STARRS","ATLAS, Pan-STARRS",SCAT,ATLAS; Pan-STARRS,ATLAS20bdpt,"ATLAS-HKO - ATLAS-02, ATLAS-MLO - ATLAS-01, PS1 - GPC1, PS2 - GPC2",UH88 - SNIFS,1,1,,18.743,orange-ATLAS,2020-10-19 09:17:16.800,ATLAS_Bot1,,2020TNSTR3173....1T,2020TNSCR3717....1D,
80,67735,SN 2020vci,15:04:22.640,+51:04:56.86,SN IIn,0.193,,,"ATLAS, GaiaAlerts, ZTF, Pan-STARRS","ATLAS, GaiaAlerts, ZTF, Pan-STARRS",ZTF,ATLAS; GaiaAlerts; Pan-STARRS; ZTF,ATLAS20bcru,"ATLAS-HKO - ATLAS-02, ATLAS-MLO - ATLAS-01, Gaia - Gaia-photometric, P48 - ZTF-Cam, PS1 - GPC1, PS2 - GPC2",Keck1 - LRIS,1,1,,19.088,orange-ATLAS,2020-10-08 05:05:16.800,ATLAS_Bot1,,2020TNSTR3053....1T,"2021TNSCR.223....1D, 2021TNSCR.358....1D",
81,66602,SN 2020tlf,14:40:10.020,+42:46:39.43,SN IIn,0.008463,,,"ATLAS, GaiaAlerts, ZTF","ATLAS, GaiaAlerts, ZTF","None, UCSC",ATLAS; GaiaAlerts; ZTF,ATLAS20bbft,"ATLAS-HKO - ATLAS-02, Gaia - Gaia-photometric, P48 - ZTF-Cam","Keck1 - LRIS, Other - Other",1,1,,15.885,cyan-ATLAS,2020-09-16 05:18:14.400,ATLAS_Bot1,,2020TNSTR2815....1T,"2020TNSCR2839....1B, 2020TNSCR2840....1D",
82,65581,SN 2020ryo,22:48:50.297,-17:16:32.46,SN IIn,0.207,,,"ATLAS, Pan-STARRS, MASTER, ZTF","ATLAS, Pan-STARRS, MASTER, ZTF",REFITT,ATLAS; MASTER; Pan-STARRS; ZTF,ATLAS20yhp,"ATLAS-HKO - ATLAS-02, ATLAS-MLO - ATLAS-01, Other - Other, P48 - ZTF-Cam, PS1 - GPC1, PS2 - GPC2",SOAR - Goodman,1,1,,19.563,orange-ATLAS,2020-08-22 12:11:31.200,ATLAS_Bot1,,2020TNSTR2589....1T,2020TNSCR3472....1W,
83,60367,SN 2020kro,00:40:08.160,+38:49:54.30,SN IIn,0.128,,,"ATLAS, ZTF, GaiaAlerts, Pan-STARRS","ATLAS, ZTF, GaiaAlerts, Pan-STARRS",ZTF,ATLAS; GaiaAlerts; Pan-STARRS; ZTF,ATLAS20nkd,"ATLAS-HKO - ATLAS-02, ATLAS-MLO - ATLAS-01, Gaia - Gaia-photometric, P48 - ZTF-Cam, PS2 - GPC2",Lick-3m - KAST,1,1,,18.524,orange-ATLAS,2020-05-21 14:16:48.000,ATLAS_Bot1,,2020TNSTR1440....1T,2020TNSCR2394....1B,
84,57943,SN 2020hfn,19:48:47.990,-10:34:22.64,SN IIn,0.024854,,,"ATLAS, ZTF","ATLAS, ZTF",ZTF,ATLAS; ZTF,ATLAS20kce,"ATLAS-HKO - ATLAS-02, ATLAS-MLO - ATLAS-01, P48 - ZTF-Cam",P200 - DBSP,1,1,,18.721,orange-ATLAS,2020-04-13 14:16:48.000,ATLAS_Bot1,,2020TNSTR1028....1T,2020TNSCR1756....1D,
85,57868,SN 2020hcr,13:54:22.590,-05:21:25.38,SN IIn,0.051,,,"ATLAS, Pan-STARRS, ZTF, GaiaAlerts","ATLAS, Pan-STARRS, ZTF, GaiaAlerts",ZTF,ATLAS; GaiaAlerts; Pan-STARRS; ZTF,ATLAS20jym,"ATLAS-MLO - ATLAS-01, Gaia - Gaia-photometric, P48 - ZTF-Cam, PS1 - GPC1, PS2 - GPC2",P60 - SEDM,1,1,,18.963,orange-ATLAS,2020-04-13 11:11:02.400,ATLAS_Bot1,,2020TNSTR1024....1T,2020TNSCR1114....1D,
86,56640,SN 2020fhw,15:00:29.900,+17:14:10.68,SN IIn,0.1116,,,"ATLAS, Pan-STARRS, ZTF, GaiaAlerts","ATLAS, Pan-STARRS, ZTF, GaiaAlerts",ZTF,ATLAS; GaiaAlerts; Pan-STARRS; ZTF,ATLAS20jhp,"ATLAS-MLO - ATLAS-01, Gaia - Gaia-photometric, P48 - ZTF-Cam, PS1 - GPC1, PS2 - GPC2",,1,1,,19.569,orange-ATLAS,2020-03-29 12:43:12.000,ATLAS_Bot1,,2020TNSTR.894....1T,2020TNSCR2663....1Y,
87,54646,SN 2020dfh,17:42:01.600,+03:12:03.10,SN IIn,0.0293,,,"ATLAS, GaiaAlerts, ZTF, Pan-STARRS","ATLAS, GaiaAlerts, ZTF, Pan-STARRS",ePESSTO+,ATLAS; GaiaAlerts; Pan-STARRS; ZTF,ATLAS20gle,"ATLAS-HKO - ATLAS-02, ATLAS-MLO - ATLAS-01, Gaia - Gaia-photometric, P48 - ZTF-Cam, PS1 - GPC1, PS2 - GPC2",ESO-NTT - EFOSC2-NTT,1,1,,18.696,cyan-ATLAS,2020-02-23 15:17:16.000,ATLAS_Bot1,,2020TNSTR.608....1T,2020TNSCR.666....1A,
88,50967,SN 2019yxk,04:13:46.314,-22:26:06.65,SN IIn,0.094,,,"ATLAS, Pan-STARRS, ZTF","ATLAS, Pan-STARRS, ZTF",ePESSTO+,ATLAS; Pan-STARRS; ZTF,ATLAS19bepo,"ATLAS-HKO - ATLAS-02, P48 - ZTF-Cam, PS1 - GPC1, PS2 - GPC2",ESO-NTT - EFOSC2-NTT,1,1,,19.493,cyan-ATLAS,2019-12-28 09:24:28.000,ATLAS_Bot1,,2019TNSTR2726....1T,2020TNSCR3267....1I,
89,48839,SN 2019vts,06:35:03.415,+50:26:05.24,SN IIn,0.0395,,,"ATLAS, ZTF","ATLAS, ZTF",ZTF,ATLAS; ZTF,ATLAS19bbym,"ATLAS-HKO - ATLAS-02, ATLAS-MLO - ATLAS-01, P48 - ZTF-Cam",APO-3.5m - DIS,1,1,,19.171,cyan-ATLAS,2019-11-29 11:03:50.000,ATLAS_Bot1,,2019TNSTR2486....1T,2019TNSCR2630....1G,
90,47986,SN 2019unf,03:14:25.339,+07:41:45.10,SN IIn,0.1115,,,ATLAS,ATLAS,ZTF,ATLAS,ATLAS19bahj,ATLAS-MLO - ATLAS-01,,1,1,,19.416,orange-ATLAS,2019-11-02 08:51:21.000,ATLAS_Bot1,,2019TNSTR2332....1T,2020TNSCR2662....1Y,
91,47360,SN 2019tpl,01:00:00.681,-03:06:30.32,SN IIn,0.076,,,"ATLAS, ZTF","ATLAS, ZTF","ePESSTO+, SCAT, ZTF",ATLAS; ZTF,ATLAS19zfu,"ATLAS-HKO - ATLAS-02, ATLAS-MLO - ATLAS-01, P48 - ZTF-Cam","ESO-NTT - EFOSC2-NTT, P60 - SEDM, UH88 - SNIFS",1,1,,18.411,orange-ATLAS,2019-10-28 08:52:48.000,ATLAS_Bot1,,2019TNSTR2217....1T,"2019TNSCR2272....1C, 2019TNSCR2882....1D, 2019TNSCR2889....1D",
92,47157,SN 2019ths,00:28:01.331,-04:33:16.78,SN IIn,0.166,,,"ATLAS, Pan-STARRS","ATLAS, Pan-STARRS",ePESSTO+,ATLAS; Pan-STARRS,ATLAS19ytu,"ATLAS-HKO - ATLAS-02, ATLAS-MLO - ATLAS-01, PS1 - GPC1, PS2 - GPC2",ESO-NTT - EFOSC2-NTT,1,1,,19.057,orange-ATLAS,2019-10-24 08:54:14.000,ATLAS_Bot1,,2019TNSTR2179....1T,2019TNSCR2209....1L,
93,46270,SN 2019sae,02:45:04.642,+26:04:17.19,SN IIn,0.048,,,"ATLAS, Pan-STARRS","ATLAS, Pan-STARRS",ZTF,ATLAS; Pan-STARRS,ATLAS19xlf,"ATLAS-MLO - ATLAS-01, PS1 - GPC1, PS2 - GPC2",Keck1 - LRIS,1,1,,19.374,orange-ATLAS,2019-10-05 12:48:57.000,ATLAS_Bot1,,2019TNSTR1994....1T,2020TNSCR2553....1D,
94,45122,SN 2019qif,17:31:41.789,+00:16:44.89,SN IIn,0.076,,,"ATLAS, ZTF","ATLAS, ZTF",ZTF,ATLAS; ZTF,ATLAS19vfb,"ATLAS-HKO - ATLAS-02, ATLAS-MLO - ATLAS-01, P48 - ZTF-Cam",P200 - DBSP,1,1,,18.523,orange-ATLAS,2019-09-18 07:30:43.000,ATLAS_Bot1,,2019TNSTR1858....1T,2020TNSCR.601....1D,
95,44617,SN 2019pox,23:33:16.529,+74:56:06.08,SN IIn,0.0674,,,ATLAS,ATLAS,ZTF,ATLAS,ATLAS19usw,"ATLAS-HKO - ATLAS-02, ATLAS-MLO - ATLAS-01",,1,1,,19.637,orange-ATLAS,2019-09-06 12:53:16.000,ATLAS_Bot1,,2019TNSTR1759....1T,2020TNSCR2649....1Y,
96,44399,SN 2019pgu,16:18:42.839,+67:54:00.40,SN IIn,0.1055,,,"ATLAS, ZTF","ATLAS, ZTF",ZTF,ATLAS; ZTF,ATLAS19ufb,"ATLAS-HKO - ATLAS-02, ATLAS-MLO - ATLAS-01, P48 - ZTF-Cam",P200 - DBSP,1,1,,19.332,cyan-ATLAS,2019-09-02 05:51:21.000,ATLAS_Bot1,,2019TNSTR1694....1T,2020TNSCR.601....1D,
97,42687,SN 2019mtk,00:54:58.540,+44:05:24.54,SN IIn,0.084,,,"ATLAS, ZTF, Pan-STARRS, GaiaAlerts","ATLAS, ZTF, Pan-STARRS, GaiaAlerts",ZTF,ATLAS; GaiaAlerts; Pan-STARRS; ZTF,ATLAS19rmq,"ATLAS-HKO - ATLAS-02, ATLAS-MLO - ATLAS-01, Gaia - Gaia-photometric, P48 - ZTF-Cam, PS1 - GPC1",P60 - SEDM,1,1,,19.269,cyan-ATLAS,2019-08-05 14:36:57.000,ATLAS_Bot1,,2019TNSTR1424....1T,2020TNSCR..91....1D,
98,42238,SN 2019mce,15:02:36.070,+05:09:22.97,SN IIn,0.072,,,"ATLAS, GaiaAlerts, ZTF","ATLAS, GaiaAlerts, ZTF",ZTF,ATLAS; GaiaAlerts; ZTF,ATLAS19qsu,"ATLAS-HKO - ATLAS-02, ATLAS-MLO - ATLAS-01, Gaia - Gaia-photometric, P48 - ZTF-Cam",P200 - DBSP,1,1,,19.518,cyan-ATLAS,2019-07-30 07:33:36.000,ATLAS_Bot1,,2019TNSTR1373....1T,2019TNSCR1766....1F,
99,42026,SN 2019lub,20:23:00.754,-49:31:14.95,SN IIn,0.066,,,ATLAS,ATLAS,ePESSTO+,ATLAS,ATLAS19pvd,ATLAS-HKO - ATLAS-02,ESO-NTT - EFOSC2-NTT,1,1,,18.801,orange-ATLAS,2019-07-25 09:34:33.000,ATLAS_Bot1,,2019TNSTR1327....1T,2019TNSCR1379....1A,
100,41338,SN 2019kud,14:44:29.730,+33:59:10.03,SN IIn,0.032412,,,"ATLAS, ZTF, GaiaAlerts, Pan-STARRS","ATLAS, ZTF, GaiaAlerts, Pan-STARRS",ZTF,ATLAS; GaiaAlerts; Pan-STARRS; ZTF,ATLAS19orj,"ATLAS-MLO - ATLAS-01, Gaia - Gaia-photometric, P48 - ZTF-Cam, PS1 - GPC1, PS2 - GPC2",P60 - SEDM,1,1,,18.977,orange-ATLAS,2019-07-07 08:34:04.000,ATLAS_Bot1,,2019TNSTR1168....1T,2019TNSCR1215....1D,
101,40933,SN 2019kep,01:10:20.430,-09:34:29.06,SN IIn,0.02388,,,"ATLAS, ZTF, GaiaAlerts, Pan-STARRS","ATLAS, ZTF, GaiaAlerts, Pan-STARRS",ZTF,ATLAS; GaiaAlerts; Pan-STARRS; ZTF,ATLAS19oil,"ATLAS-HKO - ATLAS-02, ATLAS-MLO - ATLAS-01, Gaia - Gaia-photometric, P48 - ZTF-Cam, PS1 - GPC1",P200 - DBSP,1,1,,18.049,cyan-ATLAS,2019-07-02 14:13:55.000,ATLAS_Bot1,,2019TNSTR1130....1T,2019TNSCR1774....1F,
102,39591,SN 2019ifr,21:59:18.542,-06:59:37.80,SN IIn,0.058093,,,"ATLAS, Pan-STARRS, ZTF","ATLAS, Pan-STARRS, ZTF",TCD,ATLAS; Pan-STARRS; ZTF,ATLAS19nue,"ATLAS-MLO - ATLAS-01, P48 - ZTF-Cam, PS2 - GPC2",LT - SPRAT,1,1,,19.144,orange-ATLAS,2019-06-26 13:03:21.000,ATLAS_Bot1,,2019TNSTR1083....1T,2019TNSCR1104....1P,
103,35208,SN 2019bwb,10:48:26.400,-45:41:31.20,SN IIn,0.02,,,"ATLAS, GaiaAlerts","ATLAS, GaiaAlerts",ePESSTO,ATLAS; GaiaAlerts,ATLAS19dzi,"ATLAS-MLO - ATLAS-01, Gaia - Gaia-photometric",ESO-NTT - EFOSC2-NTT,1,1,,18.285,orange-ATLAS,2019-03-17 10:01:55.000,ATLAS_Bot1,,2019TNSTR.399....1T,2019TNSCR.417....1B,
104,34377,SN 2019aqo,12:49:21.870,+48:00:10.30,SN IIn,0.058,,,"ATLAS, ZTF","ATLAS, ZTF",ZTF,ATLAS; ZTF,ATLAS19deo,"ATLAS-HKO - ATLAS-02, ATLAS-MLO - ATLAS-01, P48 - ZTF-Cam",,1,1,,19.05,orange-ATLAS,2019-02-08 14:45:36.000,ATLAS_Bot1,,2019TNSTR.217....1T,2020TNSCR2634....1Y,
105,33525,SN 2019lr,08:12:34.850,-20:27:38.46,SN IIn,0.054,,,"ATLAS, ZTF","ATLAS, ZTF",,ATLAS; ZTF,ATLAS19anu,"ATLAS-HKO - ATLAS-02, ATLAS-MLO - ATLAS-01, P48 - ZTF-Cam",LT - SPRAT,1,1,,19.093,cyan-ATLAS,2019-01-02 12:43:12.000,ATLAS_Bot1,,2019TNSTR..55....1T,2019TNSCR..93....1P,
106,31876,SN 2018jmn,09:39:36.277,+30:12:41.70,SN IIn,0.09,,,ATLAS,ATLAS,ZTF,ATLAS,ATLAS18baig,"ATLAS-HKO - ATLAS-02, ATLAS-MLO - ATLAS-01",,1,1,,19.427,cyan-ATLAS,2018-12-03 14:22:33.000,ATLAS_Bot1,,2018TNSTR1884....1T,2020TNSCR2635....1Y,
107,31641,SN 2018jdo,02:17:48.710,+35:48:29.14,SN IIn,0.039,,,"ATLAS, ZTF","ATLAS, ZTF",ZTF,ATLAS; ZTF,ATLAS18znn,"ATLAS-HKO - ATLAS-02, ATLAS-MLO - ATLAS-01, P48 - ZTF-Cam",,1,1,,18.709,orange-ATLAS,2018-11-27 09:47:31.000,ATLAS_Bot1,,2018TNSTR1830....1T,2018TNSCR1886....1F,
108,31064,SN 2018ihm,18:44:14.010,+32:07:39.00,SN IIn,0.055,,,"ATLAS, ZTF, GaiaAlerts","ATLAS, ZTF, GaiaAlerts",ZTF,ATLAS; GaiaAlerts; ZTF,ATLAS18yrh,"ATLAS-HKO - ATLAS-02, Gaia - Gaia-photometric, P48 - ZTF-Cam",,1,1,,18.32,cyan-ATLAS,2018-11-09 05:52:48.000,ATLAS_Bot1,,2018TNSTR1746....1T,2018TNSCR1870....1F,
109,30582,SN 2018hpb,22:01:34.510,-17:27:45.18,SN IIn,0.0177,,,"ATLAS, GaiaAlerts, ZTF","ATLAS, GaiaAlerts, ZTF",ASAS-SN,ATLAS; GaiaAlerts; ZTF,ATLAS18yaz,"ATLAS-HKO - ATLAS-02, ATLAS-MLO - ATLAS-01, Gaia - Gaia-photometric, P48 - ZTF-Cam",MDM-2.4 - OSMOS,1,1,,17.149,orange-ATLAS,2018-10-25 08:55:40.000,ATLAS_Bot1,,2018TNSTR1648....1T,2018TNSCR1770....1B,
110,29605,SN 2018gea,00:56:20.696,-09:34:59.94,SN IIn,0.103,,,"ATLAS, Pan-STARRS","ATLAS, Pan-STARRS",ePESSTO,ATLAS; Pan-STARRS,ATLAS18uxz,"ATLAS-HKO - ATLAS-02, ATLAS-MLO - ATLAS-01, PS1 - GPC1",ESO-NTT - EFOSC2-NTT,1,1,,18.652,orange-ATLAS,2018-09-09 13:19:12.000,ATLAS_Bot1,,2018TNSTR1342....1T,"2018TNSCR1410....1G, 2018TNSCR2169....1B",
111,28920,SN 2018fdt,17:04:44.335,+38:14:07.98,SN IIn,0.055,,,"ATLAS, GaiaAlerts, ZTF","ATLAS, GaiaAlerts, ZTF",ZTF,ATLAS; GaiaAlerts; ZTF,ATLAS18tuy,"ATLAS-HKO - ATLAS-02, ATLAS-MLO - ATLAS-01, Gaia - Gaia-photometric, P48 - ZTF-Cam",P60 - SEDM,1,1,,19.458,cyan-ATLAS,2018-08-14 08:22:33.000,ATLAS_Bot1,,2018TNSTR1186....1T,2018TNSCR1221....1F,
112,27143,SN 2018cnv,22:49:27.991,-24:23:00.49,SN IIn,0.047,,,"ATLAS, Pan-STARRS","ATLAS, Pan-STARRS",,ATLAS; Pan-STARRS,ATLAS18qjm,"ATLAS-HKO - ATLAS-02, ATLAS-MLO - ATLAS-01, PS1 - GPC1",SOAR - Goodman,1,1,,18.157,cyan-ATLAS,2018-06-12 13:59:31.000,ATLAS_Bot1,,2018TNSTR.829....1T,2018TNSCR.854....1P,
113,26686,SN 2018bwr,15:28:26.170,+08:48:22.14,SN IIn,0.046,,,"ATLAS, ZTF, Pan-STARRS, GaiaAlerts","ATLAS, ZTF, Pan-STARRS, GaiaAlerts",ZTF,ATLAS; GaiaAlerts; Pan-STARRS; ZTF,ATLAS18ppb,"ATLAS-HKO - ATLAS-02, ATLAS-MLO - ATLAS-01, Gaia - Gaia-photometric, P48 - ZTF-Cam, PS1 - GPC1",P60 - SEDM,1,1,,18.585,cyan-ATLAS,2018-05-21 10:58:04.000,ATLAS_Bot1,,2018TNSTR.695....1T,2018TNSCR.762....1F,
114,26240,SN 2018bih,18:30:43.850,+42:21:44.35,SN IIn,0.044,,,"ATLAS, GaiaAlerts, Pan-STARRS, ZTF","ATLAS, GaiaAlerts, Pan-STARRS, ZTF",ZTF,ATLAS; GaiaAlerts; Pan-STARRS; ZTF,ATLAS18ofo,"ATLAS-HKO - ATLAS-02, Gaia - Gaia-photometric, P48 - ZTF-Cam, PS1 - GPC1",P60 - SEDM,1,1,,18.919,orange-ATLAS,2018-05-06 13:46:33.000,ATLAS_Bot1,,2018TNSTR.609....1T,2018TNSCR.892....1F,
115,23474,SN 2017ijn,09:41:30.920,-11:11:58.20,SN IIn,0.05,,,"ATLAS, GaiaAlerts","ATLAS, GaiaAlerts",,ATLAS; GaiaAlerts,ATLAS17nhp,"ATLAS-HKO - ATLAS-02, ATLAS-MLO - ATLAS-01, Gaia - Gaia-photometric",SOAR - Goodman,1,1,,18.224,orange-ATLAS,2017-11-15 13:30:43.000,ATLAS_Bot1,,2017TNSTR1293....1T,2017TNSCR1331....1P,
116,22605,SN 2017hcd,01:42:51.850,+31:28:56.57,SN IIn,0.035,,,"ATLAS, Pan-STARRS, GaiaAlerts, SKYS","ATLAS, Pan-STARRS, GaiaAlerts, SKYS",,ATLAS; GaiaAlerts; Pan-STARRS; SKYS,ATLAS17lui,"ATLAS-HKO - ATLAS-02, ATLAS-MLO - ATLAS-01, Gaia - Gaia-photometric, Other - Other, PS1 - GPC1",Other - Other,1,1,,18.634,orange-ATLAS,2017-10-01 11:32:38.000,ATLAS_Bot1,,2017TNSTR1070....1T,2017TNSCR1308....1X,
117,22604,SN 2017hcc,00:03:50.590,-11:28:28.60,SN IIn,0.0173,,,"ATLAS, GaiaAlerts, Pan-STARRS","ATLAS, GaiaAlerts, Pan-STARRS",ASAS-SN,ATLAS; GaiaAlerts; Pan-STARRS,ATLAS17lsn,"ATLAS-HKO - ATLAS-02, ATLAS-MLO - ATLAS-01, Gaia - Gaia-photometric, PS1 - GPC1",FTS - FLOYDS-S,1,1,,17.444,orange-ATLAS,2017-10-02 09:04:19.000,ATLAS_Bot1,,2017TNSTR1070....1T,2017TNSCR1103....1D,
118,22421,SN 2017gvb,08:04:42.380,+61:31:38.53,SN IIn,0.030344,,,"ATLAS, GaiaAlerts, DLT40","ATLAS, GaiaAlerts, DLT40",NUTS,ATLAS; DLT40; GaiaAlerts,ATLAS17ldj,"ATLAS-HKO - ATLAS-02, ATLAS-MLO - ATLAS-01, Gaia - Gaia-photometric, Other - Other",NOT - ALFOSC,1,1,,17.79,orange-ATLAS,2017-09-18 14:54:14.000,ATLAS_Bot1,,2017TNSTR1016....1T,2019TNSCR.524....1D,
119,22041,SN 2017gir,01:39:44.860,-23:15:17.17,SN IIn,0.164,,,"ATLAS, Pan-STARRS, GaiaAlerts","ATLAS, Pan-STARRS, GaiaAlerts",ePESSTO,ATLAS; GaiaAlerts; Pan-STARRS,ATLAS17jsb,"ATLAS-HKO - ATLAS-02, ATLAS-MLO - ATLAS-01, Gaia - Gaia-photometric, PS1 - GPC1",ESO-NTT - EFOSC2-NTT,1,1,,18.27,orange-ATLAS,2017-08-14 14:19:40.000,ATLAS_Bot1,,2017TNSTR.924....1T,2017TNSCR.931....1L,
120,21150,SN 2017fav,14:32:06.157,+21:49:58.69,SN IIn,0.046,,,ATLAS,ATLAS,,ATLAS,ATLAS17hrf,ATLAS-MLO - ATLAS-01,Lick-3m - KAST,1,1,,18.42,orange-ATLAS,2017-06-28 08:18:14.000,ATLAS_Bot1,,2017TNSTR.709....1T,2017TNSCR.745....1P,
121,20024,SN 2017djq,13:11:33.070,-19:09:22.75,SN IIn,0.068,,,"ATLAS, GaiaAlerts, Pan-STARRS","ATLAS, GaiaAlerts, Pan-STARRS",ePESSTO,ATLAS; GaiaAlerts; Pan-STARRS,ATLAS17eyv,"ATLAS-HKO - ATLAS-02, Gaia - Gaia-photometric, PS1 - GPC1",ESO-NTT - EFOSC2-NTT,1,1,,18.67,cyan-ATLAS,2017-04-28 10:17:45.000,ATLAS_Bot1,,2017TNSTR.490....1T,2017TNSCR.500....1C,
122,19315,SN 2017cin,16:14:00.660,+26:54:58.54,SN IIn,0.033,,,"ATLAS, GaiaAlerts","ATLAS, GaiaAlerts",PESSTO,ATLAS; GaiaAlerts,ATLAS17czh,"ATLAS-HKO - ATLAS-02, Gaia - Gaia-photometric",ESO-NTT - EFOSC2-NTT,1,1,,18.34,orange-ATLAS,2017-03-17 14:24:00.000,ATLAS_Bot1,,2017TNSTR.336....1T,2017TNSCR.354....1O,
123,19312,SN 2017cik,07:54:13.060,+21:47:35.84,SN IIn,0.016,,,"ATLAS, GaiaAlerts, Pan-STARRS","ATLAS, GaiaAlerts, Pan-STARRS",ePESSTO,ATLAS; GaiaAlerts; Pan-STARRS,ATLAS17czi,"ATLAS-HKO - ATLAS-02, Gaia - Gaia-photometric, PS1 - GPC1",ESO-NTT - EFOSC2-NTT,1,1,,18.64,orange-ATLAS,2017-03-17 08:09:36.000,ATLAS_Bot1,,2017TNSTR.336....1T,2017TNSCR.474....1G,
124,19079,SN 2017bzm,13:15:04.159,-24:48:05.48,SN IIn,0.045,,,ATLAS,ATLAS,PESSTO,ATLAS,ATLAS17bnl,ATLAS-HKO - ATLAS-02,ESO-NTT - EFOSC2-NTT,1,1,,17.56,orange-ATLAS,2017-03-07 13:26:24.000,ATLAS_Bot1,,2017TNSTR.284....1T,2017TNSCR.293....1B,
125,18533,SN 2017ben,09:18:48.420,-12:15:32.51,SN IIn,0.036,,,"ATLAS, Pan-STARRS, GaiaAlerts","ATLAS, Pan-STARRS, GaiaAlerts",PESSTO,ATLAS; GaiaAlerts; Pan-STARRS,ATLAS17bdx,"ATLAS-HKO - ATLAS-02, Gaia - Gaia-photometric, PS1 - GPC1",ESO-NTT - EFOSC2-NTT,1,1,,18.41,orange-ATLAS,2017-02-15 10:52:19.000,ATLAS_Bot1,,2017TNSTR.217....1T,2017TNSCR.360....1O,
126,16159,SN 2016iaf,05:47:04.831,-25:46:13.83,SN IIn,0.063,,,"ATLAS, Pan-STARRS","ATLAS, Pan-STARRS",PESSTO,ATLAS; Pan-STARRS,ATLAS16dvt,"ATLAS-HKO - ATLAS-02, PS1 - GPC1",ESO-NTT - EFOSC2-NTT,1,1,,18.88,cyan-ATLAS,2016-10-30 13:40:47.000,ATLAS_Bot1,,2016TNSTR.909....1T,2016TNSCR.932....1T,
